{
    "Precision": 0.7678571428571429,
    "Recall": 0.7166666666666667,
    "Accuracy": 0.7,
    "F1": 0.7413793103448276,
    "Micro-F1": 0.7,
    "Macro-F1": 0.6921182266009853,
    "Weighted-F1": 0.7019704433497538
}
